[
  {
    "id" : 1,
    "title" : "1: Dolor sit",
    "description" : "Lorem ipsum dolor sit amet, consectetur adipiscing elit. Vestibulum eget justo mattis ipsum finibus fringilla quis non eros. Donec nunc magna, maximus non eros quis, dignissim dapibus quam. Donec hendrerit sapien quis ex feugiat, nec rutrum elit pharetra. Phasellus tempor eleifend elementum. Fusce posuere nec nunc eget pretium. Morbi nec posuere elit, sed sollicitudin elit. Quisque et mauris ac elit rutrum maximus vehicula quis risus. Donec sed posuere diam.",
    "url" : "http://vignette4.wikia.nocookie.net/escandaloso/images/b/bf/Selfie_-_Escandalosos.png/revision/latest?cb=20151115232242&path-prefix=es"
  },
  {
    "id" : 2,
    "title" : "2: Dolor sit",
    "description" : "Lorem ipsum dolor sit amet, consectetur adipiscing elit. Vestibulum eget justo mattis ipsum finibus fringilla quis non eros. Donec nunc magna, maximus non eros quis, dignissim dapibus quam. Donec hendrerit sapien quis ex feugiat, nec rutrum elit pharetra. Phasellus tempor eleifend elementum. Fusce posuere nec nunc eget pretium. Morbi nec posuere elit, sed sollicitudin elit. Quisque et mauris ac elit rutrum maximus vehicula quis risus. Donec sed posuere diam.",
    "url" : "https://68.media.tumblr.com/33777580bee968fa52043cdb453eda22/tumblr_ntpbinRTRb1uz0hc9o1_500.png"
  },
  {
    "id" : 3,
    "title" : "3: Dolor sit",
    "description" : "Lorem ipsum dolor sit amet, consectetur adipiscing elit. Vestibulum eget justo mattis ipsum finibus fringilla quis non eros. Donec nunc magna, maximus non eros quis, dignissim dapibus quam. Donec hendrerit sapien quis ex feugiat, nec rutrum elit pharetra. Phasellus tempor eleifend elementum. Fusce posuere nec nunc eget pretium. Morbi nec posuere elit, sed sollicitudin elit. Quisque et mauris ac elit rutrum maximus vehicula quis risus. Donec sed posuere diam.",
    "url" : "https://secure.static.tumblr.com/f1e6f8c22af058e2ba0649af54eb4fca/mjaakyx/0Jhnvxwzo/tumblr_static_tumblr_static_5shvvz68ggw0cc848o4swo48c_640.jpg"
  },
  {
    "id" : 4,
    "title" : "4: Dolor sit",
    "description" : "Lorem ipsum dolor sit amet, consectetur adipiscing elit. Vestibulum eget justo mattis ipsum finibus fringilla quis non eros. Donec nunc magna, maximus non eros quis, dignissim dapibus quam. Donec hendrerit sapien quis ex feugiat, nec rutrum elit pharetra. Phasellus tempor eleifend elementum. Fusce posuere nec nunc eget pretium. Morbi nec posuere elit, sed sollicitudin elit. Quisque et mauris ac elit rutrum maximus vehicula quis risus. Donec sed posuere diam.",
    "url" : "https://vignette.wikia.nocookie.net/escandaloso/images/4/4c/Oseznos-_Escandalosos.png/revision/latest?cb=20160813011320&path-prefix=es"
  },
  {
    "id" : 5,
    "title" : "5: Dolor sit",
    "description" : "Lorem ipsum dolor sit amet, consectetur adipiscing elit. Vestibulum eget justo mattis ipsum finibus fringilla quis non eros. Donec nunc magna, maximus non eros quis, dignissim dapibus quam. Donec hendrerit sapien quis ex feugiat, nec rutrum elit pharetra. Phasellus tempor eleifend elementum. Fusce posuere nec nunc eget pretium. Morbi nec posuere elit, sed sollicitudin elit. Quisque et mauris ac elit rutrum maximus vehicula quis risus. Donec sed posuere diam.",
    "url" : "https://cdn130.picsart.com/260088087010212.png?r1024x1024"
  },
  {
    "id" : 6,
    "title" : "6: Dolor sit",
    "description" : "Lorem ipsum dolor sit amet, consectetur adipiscing elit. Vestibulum eget justo mattis ipsum finibus fringilla quis non eros. Donec nunc magna, maximus non eros quis, dignissim dapibus quam. Donec hendrerit sapien quis ex feugiat, nec rutrum elit pharetra. Phasellus tempor eleifend elementum. Fusce posuere nec nunc eget pretium. Morbi nec posuere elit, sed sollicitudin elit. Quisque et mauris ac elit rutrum maximus vehicula quis risus. Donec sed posuere diam.",
    "url" : "https://ososlaguna.files.wordpress.com/2016/04/thumbnail_5774237369769942596.png?w=620"
  },
  {
    "id" : 7,
    "title" : "7: Dolor sit",
    "description" : "Lorem ipsum dolor sit amet, consectetur adipiscing elit. Vestibulum eget justo mattis ipsum finibus fringilla quis non eros. Donec nunc magna, maximus non eros quis, dignissim dapibus quam. Donec hendrerit sapien quis ex feugiat, nec rutrum elit pharetra. Phasellus tempor eleifend elementum. Fusce posuere nec nunc eget pretium. Morbi nec posuere elit, sed sollicitudin elit. Quisque et mauris ac elit rutrum maximus vehicula quis risus. Donec sed posuere diam.",
    "url" : "https://encrypted-tbn0.gstatic.com/images?q=tbn:ANd9GcRhGpdscxZHk1GcvRAzBAjyEIqfBQGLzuvokLku5BJWiiSxX4g4"
  },
  {
    "id" : 8,
    "title" : "8: Dolor sit",
    "description" : "Lorem ipsum dolor sit amet, consectetur adipiscing elit. Vestibulum eget justo mattis ipsum finibus fringilla quis non eros. Donec nunc magna, maximus non eros quis, dignissim dapibus quam. Donec hendrerit sapien quis ex feugiat, nec rutrum elit pharetra. Phasellus tempor eleifend elementum. Fusce posuere nec nunc eget pretium. Morbi nec posuere elit, sed sollicitudin elit. Quisque et mauris ac elit rutrum maximus vehicula quis risus. Donec sed posuere diam.",
    "url" : "https://pbs.twimg.com/media/Dv9GmIFU8AAlsmQ.jpg"
  },
  {
    "id" : 9,
    "title" : "9: Dolor sit",
    "description" : "Lorem ipsum dolor sit amet, consectetur adipiscing elit. Vestibulum eget justo mattis ipsum finibus fringilla quis non eros. Donec nunc magna, maximus non eros quis, dignissim dapibus quam. Donec hendrerit sapien quis ex feugiat, nec rutrum elit pharetra. Phasellus tempor eleifend elementum. Fusce posuere nec nunc eget pretium. Morbi nec posuere elit, sed sollicitudin elit. Quisque et mauris ac elit rutrum maximus vehicula quis risus. Donec sed posuere diam.",
    "url" : "http://static.tvtropes.org/pmwiki/pub/images/lkk.png"
  },
  {
    "id" : 10,
    "title" : "10: Dolor sit",
    "description" : "Lorem ipsum dolor sit amet, consectetur adipiscing elit. Vestibulum eget justo mattis ipsum finibus fringilla quis non eros. Donec nunc magna, maximus non eros quis, dignissim dapibus quam. Donec hendrerit sapien quis ex feugiat, nec rutrum elit pharetra. Phasellus tempor eleifend elementum. Fusce posuere nec nunc eget pretium. Morbi nec posuere elit, sed sollicitudin elit. Quisque et mauris ac elit rutrum maximus vehicula quis risus. Donec sed posuere diam.",
    "url" : "https://data.whicdn.com/images/291670391/large.jpg"
  },
  {
    "id" : 11,
    "title" : "11: Dolor sit",
    "description" : "Lorem ipsum dolor sit amet, consectetur adipiscing elit. Vestibulum eget justo mattis ipsum finibus fringilla quis non eros. Donec nunc magna, maximus non eros quis, dignissim dapibus quam. Donec hendrerit sapien quis ex feugiat, nec rutrum elit pharetra. Phasellus tempor eleifend elementum. Fusce posuere nec nunc eget pretium. Morbi nec posuere elit, sed sollicitudin elit. Quisque et mauris ac elit rutrum maximus vehicula quis risus. Donec sed posuere diam.",
    "url" : "http://static.tvtropes.org/pmwiki/pub/images/yayomg_we_bare_bears.png"
  },
  {
    "id" : 12,
    "title" : "12: Dolor sit",
    "description" : "Lorem ipsum dolor sit amet, consectetur adipiscing elit. Vestibulum eget justo mattis ipsum finibus fringilla quis non eros. Donec nunc magna, maximus non eros quis, dignissim dapibus quam. Donec hendrerit sapien quis ex feugiat, nec rutrum elit phttp://vignette4.wikia.nocookie.net/escandaloso/images/b/bf/Selfie_-_Escandalosos.png/revision/latest?cb=20151115232242&path-prefix=esharetra. Phasellus tempor eleifend elementum. Fusce posuere nec nunc eget pretium. Morbi nec posuere elit, sed sollicitudin elit. Quisque et mauris ac elit rutrum maximus vehicula quis risus. Donec sed posuere diam.",
    "url" : "https://tribzap2it.files.wordpress.com/2016/07/we-bare-bears-cartton-network1.jpg"
  },
  {
    "id" : 13,
    "title" : "13: Dolor sit",
    "description" : "Lorem ipsum dolor sit amet, consectetur adipiscing elit. Vestibulum eget justo mattis ipsum finibus fringilla quis non eros. Donec nunc magna, maximus non eros quis, dignissim dapibus quam. Donec hendrerit sapien quis ex feugiat, nec rutrum elit pharetra. Phasellus tempor eleifend elementum. Fusce posuere nec nunc eget pretium. Morbi nec posuere elit, sed sollicitudin elit. Quisque et mauris ac elit rutrum maximus vehicula quis risus. Donec sed posuere diam.",
    "url" : "http://www.toonzone.net/wp-content/uploads/2016/02/We_Bare_Bears_Season_2_Episode_27_Still.jpg"
  },
  {
    "id" : 14,
    "title" : "14: Dolor sit",
    "description" : "Lorem ipsum dolor sit amet, consectetur adipiscing elit. Vestibulum eget justo mattis ipsum finibus fringilla quis non eros. Donec nunc magna, maximus non eros quis, dignissim dapibus quam. Donec hendrerit sapien quis ex feugiat, nec rutrum elit pharetra. Phasellus tempor eleifend elementum. Fusce posuere nec nunc eget pretium. Morbi nec posuere elit, sed sollicitudin elit. Quisque et mauris ac elit rutrum maximus vehicula quis risus. Donec sed posuere diam.",
    "url" : "https://data.whicdn.com/images/291670391/large.jpg"
  },
  {
    "id" : 15,
    "title" : "15: Dolor sit",
    "description" : "Lorem ipsum dolor sit amet, consectetur adipiscing elit. Vestibulum eget justo mattis ipsum finibus fringilla quis non eros. Donec nunc magna, maximus non eros quis, dignissim dapibus quam. Donec hendrerit sapien quis ex feugiat, nec rutrum elit pharetra. Phasellus tempor eleifend elementum. Fusce posuere nec nunc eget pretium. Morbi nec posuere elit, sed sollicitudin elit. Quisque et mauris ac elit rutrum maximus vehicula quis risus. Donec sed posuere diam.",
    "url" : "https://www.watchcartoononline.io/thumbs/We-Bare-Bears-Episode-10-Nom-Nom.jpg"
  },
  {
    "id" : 16,
    "title" : "16: Dolor sit",
    "description" : "Lorem ipsum dolor sit amet, consectetur adipiscing elit. Vestibulum eget justo mattis ipsum finibus fringilla quis non eros. Donec nunc magna, maximus non eros quis, dignissim dapibus quam. Donec hendrerit sapien quis ex feugiat, nec rutrum elit pharetra. Phasellus tempor eleifend elementum. Fusce posuere nec nunc eget pretium. Morbi nec posuere elit, sed sollicitudin elit. Quisque et mauris ac elit rutrum maximus vehicula quis risus. Donec sed posuere diam.",
    "url" : "https://gcdn.emol.cl/series-de-tv/files/2015/08/We-Bare-Bears-Still-8-2.jpg"
  },
  {
    "id" : 17,
    "title" : "17: Dolor sit",
    "description" : "Lorem ipsum dolor sit amet, consectetur adipiscing elit. Vestibulum eget justo mattis ipsum finibus fringilla quis non eros. Donec nunc magna, maximus non eros quis, dignissim dapibus quam. Donec hendrerit sapien quis ex feugiat, nec rutrum elit pharetra. Phasellus tempor eleifend elementum. Fusce posuere nec nunc eget pretium. Morbi nec posuere elit, sed sollicitudin elit. Quisque et mauris ac elit rutrum maximus vehicula quis risus. Donec sed posuere diam.",
    "url" : "http://vignette2.wikia.nocookie.net/webarebears/images/4/45/Hibernation_035.png/revision/latest?cb=20151120124410"
  },
  {
    "id" : 18,
    "title" : "18: Dolor sit",
    "description" : "Lorem ipsum dolor sit amet, consectetur adipiscing elit. Vestibulum eget justo mattis ipsum finibus fringilla quis non eros. Donec nunc magna, maximus non eros quis, dignissim dapibus quam. Donec hendrerit sapien quis ex feugiat, nec rutrum elit pharetra. Phasellus tempor eleifend elementum. Fusce posuere nec nunc eget pretium. Morbi nec posuere elit, sed sollicitudin elit. Quisque et mauris ac elit rutrum maximus vehicula quis risus. Donec sed posuere diam.",
    "url" : "https://i.ytimg.com/vi/E4fdM3Qz3G0/maxresdefault.jpg"
  },
  {
    "id" : 19,
    "title" : "19: Dolor sit",
    "description" : "Lorem ipsum dolor sit amet, consectetur adipiscing elit. Vestibulum eget justo mattis ipsum finibus fringilla quis non eros. Donec nunc magna, maximus non eros quis, dignissim dapibus quam. Donec hendrerit sapien quis ex feugiat, nec rutrum elit pharetra. Phasellus tempor eleifend elementum. Fusce posuere nec nunc eget pretium. Morbi nec posuere elit, sed sollicitudin elit. Quisque et mauris ac elit rutrum maximus vehicula quis risus. Donec sed posuere diam.",
    "url" : "https://spoilertime.com/wp-content/uploads/2018/04/portada-1024x576.png"
  },
  {
    "id" : 20,
    "title" : "20: Dolor sit",
    "description" : "Lorem ipsum dolor sit amet, consectetur adipiscing elit. Vestibulum eget justo mattis ipsum finibus fringilla quis non eros. Donec nunc magna, maximus non eros quis, dignissim dapibus quam. Donec hendrerit sapien quis ex feugiat, nec rutrum elit pharetra. Phasellus tempor eleifend elementum. Fusce posuere nec nunc eget pretium. Morbi nec posuere elit, sed sollicitudin elit. Quisque et mauris ac elit rutrum maximus vehicula quis risus. Donec sed posuere diam.",
    "url" : "http://vignette1.wikia.nocookie.net/webarebears/images/2/26/Lucy21.png/revision/latest?cb=20150825192928"
  }
]

